13494048697,1,SUIUSDT,1734375600966,true,MARKET,FILLED,false,4.7775,2
25376399784,2,1000PEPEUSDT,1734397201080,false,MARKET,FILLED,false,0.0230371,434
13516208114,3,ORDIUSDT,1734429600933,true,MARKET,FILLED,false,35.92,0.2
25856817332,15,1000PEPEUSDT,1734727768572,false,LIMIT,FILLED,true,0.0173817,605
13516208256,3,ORDIUSDT,1734446171526,false,STOP_MARKET,FILLED,true,35.329,0.2
13516208397,3,ORDIUSDT,1734446171526,false,LIMIT,EXPIRED,true,0,0
12877488668,4,WIFUSDT,1734458401790,true,MARKET,FILLED,false,2.8553,3.5
25856816656,15,1000PEPEUSDT,1734727768572,false,STOP_MARKET,EXPIRED,true,0,0
12877488732,4,WIFUSDT,1734469422436,false,STOP_MARKET,FILLED,true,2.7627,3.5
12877488995,4,WIFUSDT,1734469422436,false,LIMIT,EXPIRED,true,0,0
13530193533,5,ORDIUSDT,1734472800931,false,MARKET,FILLED,false,34.835,0.2
25376401461,2,1000PEPEUSDT,1734474282228,true,LIMIT,FILLED,true,0.0224579,434
25376400774,2,1000PEPEUSDT,1734474282228,true,STOP_MARKET,EXPIRED,true,0,0
13530193661,5,ORDIUSDT,1734482236032,true,LIMIT,FILLED,true,33.348,0.2
13530193578,5,ORDIUSDT,1734482236032,true,STOP_MARKET,EXPIRED,true,0,0
13622328903,14,ORDIUSDT,1734741597462,false,LIMIT,FILLED,true,28.17,0.3
13494048899,1,SUIUSDT,1734495980980,false,STOP_MARKET,FILLED,true,4.4733,2
13494048978,1,SUIUSDT,1734495980980,false,LIMIT,EXPIRED,true,0,0
13620952609,6,SUIUSDT,1734505200921,true,MARKET,FILLED,false,4.4961,2.2
13620952940,6,SUIUSDT,1734543155265,false,LIMIT,FILLED,true,4.6559,2.2
13620952885,6,SUIUSDT,1734543155265,false,STOP_MARKET,EXPIRED,true,0,0
25556645705,7,1000PEPEUSDT,1734544801770,true,MARKET,FILLED,false,0.02143,466
13552292542,8,ORDIUSDT,1734548402017,true,MARKET,FILLED,false,33.208,0.3
13622328757,14,ORDIUSDT,1734741597462,false,STOP_MARKET,EXPIRED,true,0,0
13552293312,8,ORDIUSDT,1734548951043,false,STOP_MARKET,FILLED,true,32.58,0.3
13552294130,8,ORDIUSDT,1734548951043,false,LIMIT,EXPIRED,true,0,0
13673631741,9,SUIUSDT,1734552003020,false,MARKET,FILLED,false,4.5188,2.2
11502873735,16,WLDUSDT,1734759785726,false,LIMIT,FILLED,true,2.421,4
25556645898,7,1000PEPEUSDT,1734552163376,false,STOP_MARKET,FILLED,true,0.0207335,466
25556646006,7,1000PEPEUSDT,1734552163376,false,LIMIT,EXPIRED,true,0,0
13673633954,9,SUIUSDT,1734552480607,true,LIMIT,FILLED,true,4.3421,2.2
13673632651,9,SUIUSDT,1734552480607,true,STOP_MARKET,EXPIRED,true,0,0
13708540924,10,SUIUSDT,1734580802105,true,MARKET,FILLED,false,4.4015,2.2
11502873527,16,WLDUSDT,1734759785726,false,STOP_MARKET,EXPIRED,true,0,0
13708541772,10,SUIUSDT,1734637475808,false,STOP_MARKET,FILLED,true,3.9997,2.2
13708542162,10,SUIUSDT,1734637475808,false,LIMIT,EXPIRED,true,0,0
13790514063,11,SUIUSDT,1734649200980,true,MARKET,FILLED,false,4.165,2.4
13599440133,12,ORDIUSDT,1734660001095,true,MARKET,FILLED,false,26.396,0.3
13901593105,17,SUIUSDT,1734965315858,true,STOP_MARKET,EXPIRED,true,0,0
13599440322,12,ORDIUSDT,1734682742918,false,STOP_MARKET,FILLED,true,25.547,0.3
13599440451,12,ORDIUSDT,1734682742918,false,LIMIT,EXPIRED,true,0,0
13790514832,11,SUIUSDT,1734688269416,false,STOP_MARKET,FILLED,true,3.7316,2.4
13790515233,11,SUIUSDT,1734688269416,false,LIMIT,EXPIRED,true,0,0
13865953402,13,SUIUSDT,1734699600792,true,MARKET,FILLED,false,3.7407,2.6
13865954233,13,SUIUSDT,1734702261532,false,LIMIT,FILLED,true,4.0269,2.6
13865954044,13,SUIUSDT,1734702261532,false,STOP_MARKET,EXPIRED,true,0,0
13622328676,14,ORDIUSDT,1734710405993,true,MARKET,FILLED,false,25.909,0.3
25856815768,15,1000PEPEUSDT,1734715800880,true,MARKET,FILLED,false,0.0165118,605
11502873277,16,WLDUSDT,1734717600843,true,MARKET,FILLED,false,2.2584,4
13901592912,17,SUIUSDT,1734721200755,false,MARKET,FILLED,false,4.4812,2.2
13046382129,18,WIFUSDT,1734721200772,true,MARKET,FILLED,false,1.9909,5
17359192567,19,APEUSDT,1734724802241,true,MARKET,FILLED,false,1.1939,8
13046382384,18,WIFUSDT,1734731857165,false,LIMIT,FILLED,true,2.0752,5
13046382207,18,WIFUSDT,1734731857165,false,STOP_MARKET,EXPIRED,true,0,0
25895670458,20,1000PEPEUSDT,1734741000827,true,MARKET,FILLED,false,0.0177591,563
25895671298,20,1000PEPEUSDT,1734743478979,false,LIMIT,FILLED,true,0.0185339,563
25895671008,20,1000PEPEUSDT,1734743478979,false,STOP_MARKET,EXPIRED,true,0,0
87178171970,21,SOLUSDT,1734746401762,true,MARKET,FILLED,false,195.25,1
25921073883,22,1000PEPEUSDT,1734760800846,true,MARKET,FILLED,false,0.0187913,532
25921074932,22,1000PEPEUSDT,1734765768884,false,LIMIT,FILLED,true,0.0194839,532
25921074387,22,1000PEPEUSDT,1734765768884,false,STOP_MARKET,EXPIRED,true,0,0
17359192821,19,APEUSDT,1734766023105,false,LIMIT,FILLED,true,1.2749,8
17359192769,19,APEUSDT,1734766023105,false,STOP_MARKET,EXPIRED,true,0,0
14226097820,35,SUIUSDT,1734987389376,false,STOP_MARKET,EXPIRED,true,0,0
87178176626,21,SOLUSDT,1734771836311,false,LIMIT,EXPIRED,true,0,0
87198933401,21,SOLUSDT,1734771842976,false,STOP,FILLED,true,196,1
87178173836,21,SOLUSDT,1734771842976,false,STOP_MARKET,EXPIRED,true,0,0
13646214462,23,ORDIUSDT,1734793200890,false,MARKET,FILLED,false,26.316,0.3
25983520334,24,1000PEPEUSDT,1734800400835,false,MARKET,FILLED,false,0.0175329,570
25983521804,24,1000PEPEUSDT,1734844102276,true,LIMIT,FILLED,true,0.016813,570
25983520617,24,1000PEPEUSDT,1734844102276,true,STOP_MARKET,EXPIRED,true,0,0
13688395202,31,ORDIUSDT,1734934104025,false,STOP_MARKET,FILLED,true,26.615,0.3
13646214637,23,ORDIUSDT,1734857501642,true,STOP_MARKET,FILLED,true,27.053,0.3
13646214900,23,ORDIUSDT,1734857501642,true,LIMIT,EXPIRED,true,0,0
13667222766,25,ORDIUSDT,1734858001007,true,MARKET,FILLED,false,27.022,0.3
26080456290,26,1000PEPEUSDT,1734870600750,true,MARKET,FILLED,false,0.0180449,554
17390730034,27,APEUSDT,1734872400815,true,MARKET,FILLED,false,1.1644,8
13688395284,31,ORDIUSDT,1734934104025,false,LIMIT,EXPIRED,true,0,0
13667222853,25,ORDIUSDT,1734877694713,false,STOP_MARKET,FILLED,true,26.36,0.3
13667222956,25,ORDIUSDT,1734877694713,false,LIMIT,EXPIRED,true,0,0
13691705892,32,ORDIUSDT,1734937201241,false,MARKET,FILLED,false,26.28,0.3
26080456695,26,1000PEPEUSDT,1734879251013,false,STOP_MARKET,FILLED,true,0.0172123,554
26080457243,26,1000PEPEUSDT,1734879251013,false,LIMIT,EXPIRED,true,0,0
26107799884,28,1000PEPEUSDT,1734886800900,true,MARKET,FILLED,false,0.0181345,551
13678299050,29,ORDIUSDT,1734894000890,true,MARKET,FILLED,false,26.826,0.3
13678299144,29,ORDIUSDT,1734897795421,false,STOP_MARKET,FILLED,true,26.15,0.3
13678299301,29,ORDIUSDT,1734897795421,false,LIMIT,EXPIRED,true,0,0
17390730101,27,APEUSDT,1734898179185,false,STOP_MARKET,FILLED,true,1.1027,8
17390730223,27,APEUSDT,1734898179185,false,LIMIT,EXPIRED,true,0,0
17412834216,34,APEUSDT,1734987558274,false,LIMIT,FILLED,true,1.2313,8
26107800494,28,1000PEPEUSDT,1734898817175,false,STOP_MARKET,FILLED,true,0.0171929,551
26107801117,28,1000PEPEUSDT,1734898817175,false,LIMIT,EXPIRED,true,0,0
26131526117,30,1000PEPEUSDT,1734903000781,true,MARKET,FILLED,false,0.0181316,551
13688395142,31,ORDIUSDT,1734926402698,true,MARKET,FILLED,false,27.2683333,0.3
13691705965,32,ORDIUSDT,1734944694614,true,STOP_MARKET,FILLED,true,26.91,0.3
13691706071,32,ORDIUSDT,1734944694614,true,LIMIT,EXPIRED,true,0,0
13698865667,33,ORDIUSDT,1734962400761,false,MARKET,FILLED,false,26.23,0.3
13901593456,17,SUIUSDT,1734965315858,true,LIMIT,FILLED,true,4.1431,2.2
17412833935,34,APEUSDT,1734987558274,false,STOP_MARKET,EXPIRED,true,0,0
13698865751,33,ORDIUSDT,1734972844693,true,STOP_MARKET,FILLED,true,26.823,0.3
13698865783,33,ORDIUSDT,1734972844693,true,LIMIT,EXPIRED,true,0,0
17412833852,34,APEUSDT,1734973201589,true,MARKET,FILLED,false,1.1771,8
14226097675,35,SUIUSDT,1734976800842,true,MARKET,FILLED,false,4.297,2.3
11601880594,36,WLDUSDT,1734984003222,true,MARKET,FILLED,false,2.2072,4
13181468708,37,WIFUSDT,1734984003223,true,MARKET,FILLED,false,1.9378,5.1
13181470601,37,WIFUSDT,1734985952655,false,LIMIT,FILLED,true,1.9967,5.1
13181469699,37,WIFUSDT,1734985952655,false,STOP_MARKET,EXPIRED,true,0,0
14226097944,35,SUIUSDT,1734987389376,false,LIMIT,FILLED,true,4.5172,2.3
11601881069,36,WLDUSDT,1734987738566,false,LIMIT,FILLED,true,2.3255,4
11601880835,36,WLDUSDT,1734987738566,false,STOP_MARKET,EXPIRED,true,0,0
26131527125,30,1000PEPEUSDT,1734988196844,false,LIMIT,FILLED,true,0.0187821,551
26131526867,30,1000PEPEUSDT,1734988196844,false,STOP_MARKET,EXPIRED,true,0,0
14264129602,38,SUIUSDT,1735005601148,false,MARKET,FILLED,false,4.6474,2.1
13206350146,39,WIFUSDT,1735048800731,true,MARKET,FILLED,false,2.0617,4.8
11620245194,40,WLDUSDT,1735048800731,true,MARKET,FILLED,false,2.3753,4
13727439190,41,ORDIUSDT,1735076821669,true,LIMIT,EXPIRED,true,0,0
13206350279,39,WIFUSDT,1735070848858,false,STOP_MARKET,FILLED,true,1.9892,4.8
13206350625,39,WIFUSDT,1735070848858,false,LIMIT,EXPIRED,true,0,0
13727439029,41,ORDIUSDT,1735074000764,false,MARKET,FILLED,false,27.468,0.3
13727439095,41,ORDIUSDT,1735076821669,true,STOP_MARKET,FILLED,true,27.969,0.3
13223497197,42,WIFUSDT,1735095601132,true,MARKET,FILLED,false,2.0695,4.8
13734118712,43,ORDIUSDT,1735110001123,false,MARKET,FILLED,false,27.717,0.3
26389068671,44,1000PEPEUSDT,1735111800858,false,MARKET,FILLED,false,0.0187706,532
13223497566,42,WIFUSDT,1735112432628,false,LIMIT,EXPIRED,true,0,0
13223497420,42,WIFUSDT,1735112432628,false,STOP_MARKET,FILLED,true,2.0059,4.8
13734118883,43,ORDIUSDT,1735122127761,true,LIMIT,EXPIRED,true,0,0
13734118802,43,ORDIUSDT,1735122127761,true,STOP_MARKET,FILLED,true,28.171,0.3
14264129953,38,SUIUSDT,1735174121020,true,LIMIT,FILLED,true,4.4153,2.1
14264129788,38,SUIUSDT,1735174121020,true,STOP_MARKET,EXPIRED,true,0,0
11620245690,40,WLDUSDT,1735184749512,false,LIMIT,EXPIRED,true,0,0
11620245370,40,WLDUSDT,1735184749512,false,STOP_MARKET,FILLED,true,2.2431,4
26389068946,44,1000PEPEUSDT,1735144561865,true,LIMIT,FILLED,true,0.0183952,532
26389068851,44,1000PEPEUSDT,1735144561865,true,STOP_MARKET,EXPIRED,true,0,0
13242804025,45,WIFUSDT,1735146001001,false,MARKET,FILLED,false,1.9781,5
17441515677,46,APEUSDT,1735146001001,false,MARKET,FILLED,false,1.2431,8
13742618215,47,ORDIUSDT,1735146003428,false,MARKET,FILLED,false,27.168,0.3
26438489265,48,1000PEPEUSDT,1735160401028,false,MARKET,FILLED,false,0.0183308,545
13242804334,45,WIFUSDT,1735182237029,true,LIMIT,FILLED,true,1.9352,5
13242804157,45,WIFUSDT,1735182237029,true,STOP_MARKET,EXPIRED,true,0,0
11655649069,49,WLDUSDT,1735185603207,false,MARKET,FILLED,false,2.2378,4
26438490812,48,1000PEPEUSDT,1735186316026,true,LIMIT,FILLED,true,0.0179219,545
26438489802,48,1000PEPEUSDT,1735186316026,true,STOP_MARKET,EXPIRED,true,0,0
14483798293,50,SUIUSDT,1735192801415,true,MARKET,FILLED,false,4.4046,2.2
17441515816,46,APEUSDT,1735194771221,true,LIMIT,FILLED,true,1.2014,8
17441515777,46,APEUSDT,1735194771221,true,STOP_MARKET,EXPIRED,true,0,0
13742618290,47,ORDIUSDT,1735200533489,true,LIMIT,FILLED,true,26.078,0.3
13742618242,47,ORDIUSDT,1735200533489,true,STOP_MARKET,EXPIRED,true,0,0
11655649429,49,WLDUSDT,1735202231901,true,LIMIT,FILLED,true,2.1509,4
11655649343,49,WLDUSDT,1735202231901,true,STOP_MARKET,EXPIRED,true,0,0
17452104230,51,APEUSDT,1735218001392,false,MARKET,FILLED,false,1.181,8
11665484443,52,WLDUSDT,1735225200890,false,MARKET,FILLED,false,2.1746,4
88626656533,61,SOLUSDT,1735364741023,true,STOP_MARKET,FILLED,true,186,1
14483798915,50,SUIUSDT,1735234333776,false,STOP_MARKET,FILLED,true,4.1874,2.2
14483799327,50,SUIUSDT,1735234333776,false,LIMIT,EXPIRED,true,0,0
26531130859,53,1000PEPEUSDT,1735257604878,true,MARKET,FILLED,false,0.0173837,575
13767949867,54,ORDIUSDT,1735261200609,true,MARKET,FILLED,false,25.658,0.3
14566512836,55,SUIUSDT,1735261200701,true,MARKET,FILLED,false,4.2083,2.3
13296985801,58,WIFUSDT,1735309922360,false,STOP_MARKET,FILLED,true,1.8622,5.2
17452104295,51,APEUSDT,1735273394509,true,STOP_MARKET,FILLED,true,1.2224,8
17452104358,51,APEUSDT,1735273394509,true,LIMIT,EXPIRED,true,0,0
26531133851,53,1000PEPEUSDT,1735282725284,false,LIMIT,FILLED,true,0.0177462,575
26531133145,53,1000PEPEUSDT,1735282725284,false,STOP_MARKET,EXPIRED,true,0,0
17461891111,56,APEUSDT,1735282800778,true,MARKET,FILLED,false,1.2641,7
13296985972,58,WIFUSDT,1735309922360,false,LIMIT,EXPIRED,true,0,0
17461891149,56,APEUSDT,1735285071272,false,STOP_MARKET,FILLED,true,1.2176,7
17461891220,56,APEUSDT,1735285071272,false,LIMIT,EXPIRED,true,0,0
14566513478,55,SUIUSDT,1735290272084,false,LIMIT,FILLED,true,4.3358,2.3
14566513245,55,SUIUSDT,1735290272084,false,STOP_MARKET,EXPIRED,true,0,0
13767949981,54,ORDIUSDT,1735290327126,false,LIMIT,FILLED,true,26.608,0.3
13767949912,54,ORDIUSDT,1735290327126,false,STOP_MARKET,EXPIRED,true,0,0
14623225178,60,SUIUSDT,1735312630041,true,LIMIT,FILLED,true,4.1254,2.3
11665484605,52,WLDUSDT,1735290352538,true,STOP_MARKET,FILLED,true,2.2763,4
11665484769,52,WLDUSDT,1735290352538,true,LIMIT,EXPIRED,true,0,0
26564407134,57,1000PEPEUSDT,1735291800794,true,MARKET,FILLED,false,0.0181284,551
13296985636,58,WIFUSDT,1735293600801,true,MARKET,FILLED,false,1.9172,5.2
11682691497,59,WLDUSDT,1735293600871,true,MARKET,FILLED,false,2.2846,4
14623223507,60,SUIUSDT,1735308000714,false,MARKET,FILLED,false,4.2724,2.3
14623224306,60,SUIUSDT,1735312630041,true,STOP_MARKET,EXPIRED,true,0,0
88517305305,61,SOLUSDT,1735364741023,true,LIMIT,EXPIRED,true,0,0
26564407637,57,1000PEPEUSDT,1735312665240,false,STOP_MARKET,FILLED,true,0.0175201,551
26564408315,57,1000PEPEUSDT,1735312665240,false,LIMIT,EXPIRED,true,0,0
88517301727,61,SOLUSDT,1735315205621,false,MARKET,FILLED,false,184,1
88517303493,61,SOLUSDT,1735364741023,true,STOP_MARKET,EXPIRED,true,0,0
11682691662,59,WLDUSDT,1735315791023,false,STOP_MARKET,FILLED,true,2.1772,4
11682691689,59,WLDUSDT,1735315791023,false,LIMIT,EXPIRED,true,0,0
14642209132,62,SUIUSDT,1735322400856,true,MARKET,FILLED,false,4.2182,2.3
26606948967,63,1000PEPEUSDT,1735329603523,true,MARKET,FILLED,false,0.0181489,551
13789105108,64,ORDIUSDT,1735351201147,false,MARKET,FILLED,false,26.006,0.3
13330010507,65,WIFUSDT,1735392645389,false,STOP_MARKET,EXPIRED,true,0,0
88626656562,61,SOLUSDT,1735364741023,true,TAKE_PROFIT_MARKET,EXPIRED,true,0,0
13330010463,65,WIFUSDT,1735387202913,true,MARKET,FILLED,false,1.861,5.3
26606949378,63,1000PEPEUSDT,1735395385717,false,LIMIT,FILLED,true,0.0185398,551
13789105154,64,ORDIUSDT,1735392057210,true,STOP_MARKET,FILLED,true,26.425,0.3
13789105172,64,ORDIUSDT,1735392057210,true,LIMIT,EXPIRED,true,0,0
13330010699,65,WIFUSDT,1735392645389,false,LIMIT,FILLED,true,1.8939,5.3
26606949253,63,1000PEPEUSDT,1735395385717,false,STOP_MARKET,EXPIRED,true,0,0
13799835262,66,ORDIUSDT,1735405201425,true,MARKET,FILLED,false,26.849,0.3
11713242974,67,WLDUSDT,1735423200841,true,MARKET,FILLED,false,2.2349,4
26692831665,68,1000PEPEUSDT,1735437601014,false,MARKET,FILLED,false,0.0184969,540
26692831965,68,1000PEPEUSDT,1735459219025,true,LIMIT,EXPIRED,true,0,0
26692831845,68,1000PEPEUSDT,1735459219025,true,STOP_MARKET,FILLED,true,0.0189099,540
26718317225,69,1000PEPEUSDT,1735477200866,false,MARKET,FILLED,false,0.0186753,535
26718318263,69,1000PEPEUSDT,1735482309474,true,LIMIT,FILLED,true,0.0184074,535
26718318004,69,1000PEPEUSDT,1735482309474,true,STOP_MARKET,EXPIRED,true,0,0
13799835380,66,ORDIUSDT,1735488997030,false,LIMIT,EXPIRED,true,0,0
13799835309,66,ORDIUSDT,1735488997030,false,STOP_MARKET,FILLED,true,26.475,0.3
13813959153,70,ORDIUSDT,1735491600809,false,MARKET,FILLED,false,26.56,0.3
11713243111,67,WLDUSDT,1735495308093,false,LIMIT,EXPIRED,true,0,0
11713243066,67,WLDUSDT,1735495308093,false,STOP_MARKET,FILLED,true,2.1473,4
14642209918,62,SUIUSDT,1735569326028,false,LIMIT,EXPIRED,true,0,0
13813959282,70,ORDIUSDT,1735521699832,true,STOP_MARKET,FILLED,true,26.893,0.3
14642209390,62,SUIUSDT,1735569326028,false,STOP_MARKET,FILLED,true,3.9463,2.3
13813959398,70,ORDIUSDT,1735521699832,true,LIMIT,EXPIRED,true,0,0
26782793519,74,1000PEPEUSDT,1735547400843,true,MARKET,FILLED,false,0.0187445,533
26782794171,74,1000PEPEUSDT,1735565827025,false,STOP_MARKET,FILLED,true,0.0181917,533
26782794299,74,1000PEPEUSDT,1735565827025,false,LIMIT,EXPIRED,true,0,0
17504547671,75,APEUSDT,1735567200846,false,MARKET,FILLED,false,1.1937,8
13395107379,76,WIFUSDT,1735570800888,false,MARKET,FILLED,false,1.8206,5.4
13395108019,76,WIFUSDT,1735577408677,true,LIMIT,FILLED,true,1.7832,5.4
13395107753,76,WIFUSDT,1735577408677,true,STOP_MARKET,EXPIRED,true,0,0
13835029396,77,ORDIUSDT,1735581600764,true,MARKET,FILLED,false,27.203,0.3
17504547929,75,APEUSDT,1735588810417,true,LIMIT,EXPIRED,true,0,0
17504547793,75,APEUSDT,1735588810417,true,STOP_MARKET,FILLED,true,1.2441,8
13835029583,77,ORDIUSDT,1735594806563,false,STOP_MARKET,FILLED,true,26.778,0.3
13835029978,77,ORDIUSDT,1735594806563,false,LIMIT,EXPIRED,true,0,0
26743396105,71,1000PEPEUSDT,1735504201026,false,MARKET,FILLED,false,0.0179129,558
17494423668,72,APEUSDT,1735509601152,false,MARKET,FILLED,false,1.203,8
17536057221,86,APEUSDT,1735828316573,false,LIMIT,FILLED,true,1.282,8
17494423711,72,APEUSDT,1735521739719,true,STOP_MARKET,FILLED,true,1.241,8
17494423830,72,APEUSDT,1735521739719,true,LIMIT,EXPIRED,true,0,0
17536057164,86,APEUSDT,1735828316573,false,STOP_MARKET,EXPIRED,true,0,0
26743396260,71,1000PEPEUSDT,1735540538269,true,STOP_MARKET,FILLED,true,0.0183339,558
26743397011,71,1000PEPEUSDT,1735540538269,true,LIMIT,EXPIRED,true,0,0
13824123806,73,ORDIUSDT,1735542001123,true,MARKET,FILLED,false,27.059,0.3
13886394492,89,ORDIUSDT,1735833605574,false,MARKET,FILLED,false,28.317,0.3
13824123935,73,ORDIUSDT,1735556841536,false,STOP_MARKET,FILLED,true,26.7,0.3
13824123979,73,ORDIUSDT,1735556841536,false,LIMIT,EXPIRED,true,0,0
14931904878,78,SUIUSDT,1735596000841,false,MARKET,FILLED,false,4.1274,2.4
26876189890,79,1000PEPEUSDT,1735626600769,true,MARKET,FILLED,false,0.0189121,528
26876191177,79,1000PEPEUSDT,1735633805143,false,LIMIT,FILLED,true,0.0194109,528
26876190273,79,1000PEPEUSDT,1735633805143,false,STOP_MARKET,EXPIRED,true,0,0
11767959898,80,WLDUSDT,1735653601276,true,MARKET,FILLED,false,2.1446,4
17521025051,81,APEUSDT,1735657201280,true,MARKET,FILLED,false,1.25,8
13434137591,82,WIFUSDT,1735657201292,true,MARKET,FILLED,false,1.9362,5.1
13434138488,82,WIFUSDT,1735666555328,false,LIMIT,EXPIRED,true,0,0
13434137881,82,WIFUSDT,1735666555328,false,STOP_MARKET,FILLED,true,1.8739,5.1
15167811275,88,SUIUSDT,1735867983175,true,LIMIT,FILLED,true,4.3081,2.2
17521025164,81,APEUSDT,1735685585296,false,STOP_MARKET,FILLED,true,1.2014,8
17521025197,81,APEUSDT,1735685585296,false,LIMIT,EXPIRED,true,0,0
26986253676,83,1000PEPEUSDT,1735711200777,false,MARKET,FILLED,false,0.0200774,498
13863436406,84,ORDIUSDT,1735714803432,false,MARKET,FILLED,false,27.27,0.3
26986254052,83,1000PEPEUSDT,1735722641945,true,LIMIT,FILLED,true,0.0195428,498
26986253884,83,1000PEPEUSDT,1735722641945,true,STOP_MARKET,EXPIRED,true,0,0
27013445549,85,1000PEPEUSDT,1735738200814,false,MARKET,FILLED,false,0.019298,518
15167811057,88,SUIUSDT,1735867983175,true,STOP_MARKET,EXPIRED,true,0,0
13863436593,84,ORDIUSDT,1735757114038,true,STOP_MARKET,FILLED,true,27.656,0.3
13863436678,84,ORDIUSDT,1735757114038,true,LIMIT,EXPIRED,true,0,0
17536057029,86,APEUSDT,1735765200978,true,MARKET,FILLED,false,1.2463,8
11767960337,80,WLDUSDT,1735771875202,false,LIMIT,FILLED,true,2.2203,4
11767960232,80,WLDUSDT,1735771875202,false,STOP_MARKET,EXPIRED,true,0,0
27148595684,90,1000PEPEUSDT,1735873201090,false,MARKET,FILLED,false,0.0203,492
27013445910,85,1000PEPEUSDT,1735792380568,true,STOP_MARKET,FILLED,true,0.0199961,518
27013446373,85,1000PEPEUSDT,1735792380569,true,LIMIT,EXPIRED,true,0,0
27067349431,87,1000PEPEUSDT,1735794000817,true,MARKET,FILLED,false,0.0204549,488
14931906347,78,SUIUSDT,1735811522103,true,LIMIT,EXPIRED,true,0,0
14931905697,78,SUIUSDT,1735811522103,true,STOP_MARKET,FILLED,true,4.4021,2.4
27067350473,87,1000PEPEUSDT,1735818457863,false,LIMIT,FILLED,true,0.0209628,488
27067349677,87,1000PEPEUSDT,1735818457863,false,STOP_MARKET,EXPIRED,true,0,0
15167810675,88,SUIUSDT,1735822801000,false,MARKET,FILLED,false,4.4154,2.2
11822600015,91,WLDUSDT,1735884003022,false,MARKET,FILLED,false,2.2454,4
15247794156,92,SUIUSDT,1735905602581,true,MARKET,FILLED,false,4.3596,2.2
13590784892,99,WIFUSDT,1736071612217,true,LIMIT,FILLED,true,2.1014,4.6
11822600134,91,WLDUSDT,1735906149080,true,STOP_MARKET,FILLED,true,2.3282,4
11822600164,91,WLDUSDT,1735906149080,true,LIMIT,EXPIRED,true,0,0
13913591200,95,ORDIUSDT,1735994336120,true,STOP_MARKET,FILLED,true,29.488,0.3
27148596076,90,1000PEPEUSDT,1735909775742,true,STOP_MARKET,FILLED,true,0.0209216,492
27148596150,90,1000PEPEUSDT,1735909775742,true,LIMIT,EXPIRED,true,0,0
15247795223,92,SUIUSDT,1735914424438,false,LIMIT,FILLED,true,4.457,2.2
15247794818,92,SUIUSDT,1735914424438,false,STOP_MARKET,EXPIRED,true,0,0
13913591242,95,ORDIUSDT,1735994336120,true,LIMIT,EXPIRED,true,0,0
13886394763,89,ORDIUSDT,1735914443027,true,STOP_MARKET,FILLED,true,28.66,0.3
13886394876,89,ORDIUSDT,1735914443027,true,LIMIT,EXPIRED,true,0,0
15288762916,93,SUIUSDT,1735938001074,false,MARKET,FILLED,false,4.8214,2
15356178255,96,SUIUSDT,1735999200712,false,MARKET,FILLED,false,5.2193,1.9
15288763530,93,SUIUSDT,1735976396040,true,STOP_MARKET,FILLED,true,5.056,2
15288763748,93,SUIUSDT,1735976396040,true,LIMIT,EXPIRED,true,0,0
27254945302,94,1000PEPEUSDT,1735979400711,false,MARKET,FILLED,false,0.0210238,475
13913590978,95,ORDIUSDT,1735992003018,false,MARKET,FILLED,false,29.123,0.3
27254946412,94,1000PEPEUSDT,1736004901342,true,LIMIT,FILLED,true,0.0206826,475
27254945830,94,1000PEPEUSDT,1736004901342,true,STOP_MARKET,EXPIRED,true,0,0
13916607345,97,ORDIUSDT,1736006405666,false,MARKET,FILLED,false,28.874,0.3
13916607675,97,ORDIUSDT,1736012949819,true,STOP_MARKET,FILLED,true,29.261,0.3
13916607999,97,ORDIUSDT,1736012949819,true,LIMIT,EXPIRED,true,0,0
13921452977,98,ORDIUSDT,1736038801044,false,MARKET,FILLED,false,29.096,0.3
13590784428,99,WIFUSDT,1736067601130,false,MARKET,FILLED,false,2.1343,4.6
17577181024,100,APEUSDT,1736067602825,false,MARKET,FILLED,false,1.3357,7
11859304932,101,WLDUSDT,1736071200797,false,MARKET,FILLED,false,2.3383,4
13590784784,99,WIFUSDT,1736071612217,true,STOP_MARKET,EXPIRED,true,0,0
13921453422,98,ORDIUSDT,1736127331284,true,LIMIT,EXPIRED,true,0,0
13921453101,98,ORDIUSDT,1736127331284,true,STOP_MARKET,FILLED,true,29.446,0.3
13935211630,103,ORDIUSDT,1736128800855,true,MARKET,FILLED,false,29.388,0.3
17577181086,100,APEUSDT,1736141792844,true,LIMIT,EXPIRED,true,0,0
17577181047,100,APEUSDT,1736141792844,true,STOP_MARKET,FILLED,true,1.3686,7
15356179626,96,SUIUSDT,1736204710657,true,LIMIT,FILLED,true,5.0518,1.9
13935211678,103,ORDIUSDT,1736152939559,false,STOP_MARKET,FILLED,true,29.062,0.3
15356178927,96,SUIUSDT,1736204710657,true,STOP_MARKET,EXPIRED,true,0,0
13594824134,102,WIFUSDT,1736082001756,false,MARKET,FILLED,false,2.1055,4.7
11859305059,101,WLDUSDT,1736114161977,true,STOP_MARKET,FILLED,true,2.4166,4
11859305167,101,WLDUSDT,1736114161977,true,LIMIT,EXPIRED,true,0,0
13594824233,102,WIFUSDT,1736125274146,true,LIMIT,FILLED,true,2.0736,4.7
13594824176,102,WIFUSDT,1736125274146,true,STOP_MARKET,EXPIRED,true,0,0
27398399682,104,1000PEPEUSDT,1736134201270,true,MARKET,FILLED,false,0.0208898,478
13617624923,105,WIFUSDT,1736146800804,false,MARKET,FILLED,false,2.0806,4.8
13617625153,105,WIFUSDT,1736152943980,true,LIMIT,FILLED,true,2.0469,4.8
13617625059,105,WIFUSDT,1736152943980,true,STOP_MARKET,EXPIRED,true,0,0
27398399852,104,1000PEPEUSDT,1736153002534,false,STOP_MARKET,FILLED,true,0.0204185,478
27398399955,104,1000PEPEUSDT,1736153002534,false,LIMIT,EXPIRED,true,0,0
13935211722,103,ORDIUSDT,1736152939559,false,LIMIT,EXPIRED,true,0,0
27443782419,106,1000PEPEUSDT,1736175600850,true,MARKET,FILLED,false,0.0209985,476
27443783905,106,1000PEPEUSDT,1736179800406,false,LIMIT,FILLED,true,0.0213522,476
27443783356,106,1000PEPEUSDT,1736179800406,false,STOP_MARKET,EXPIRED,true,0,0
13948851913,107,ORDIUSDT,1736200800921,false,MARKET,FILLED,false,29.429,0.3
17596685311,108,APEUSDT,1736200802209,false,MARKET,FILLED,false,1.3572,7
15945447597,130,SUIUSDT,1736515854143,true,LIMIT,FILLED,true,4.8883,1.9
13948851934,107,ORDIUSDT,1736210121543,true,STOP_MARKET,FILLED,true,29.778,0.3
13948851964,107,ORDIUSDT,1736210121543,true,LIMIT,EXPIRED,true,0,0
15593735416,109,SUIUSDT,1736215201431,true,MARKET,FILLED,false,5.0861,1.9
27492587026,110,1000PEPEUSDT,1736217000759,false,MARKET,FILLED,false,0.0205207,487
13953705218,111,ORDIUSDT,1736236805793,false,MARKET,FILLED,false,28.979,0.3
17596685514,108,APEUSDT,1736244479021,true,LIMIT,FILLED,true,1.3206,7
17596685467,108,APEUSDT,1736244479021,true,STOP_MARKET,EXPIRED,true,0,0
27492587820,110,1000PEPEUSDT,1736250366095,true,LIMIT,FILLED,true,0.0201706,487
27492587576,110,1000PEPEUSDT,1736250366095,true,STOP_MARKET,EXPIRED,true,0,0
13953706032,111,ORDIUSDT,1736261962915,true,LIMIT,FILLED,true,28.154,0.3
13953705737,111,ORDIUSDT,1736261962915,true,STOP_MARKET,EXPIRED,true,0,0
27675343805,117,1000PEPEUSDT,1736429842416,false,STOP_MARKET,FILLED,true,0.0172118,556
15593735483,109,SUIUSDT,1736262115247,false,STOP_MARKET,FILLED,true,4.8888,1.9
15593735843,109,SUIUSDT,1736262115247,false,LIMIT,EXPIRED,true,0,0
11925872531,112,WLDUSDT,1736272800890,false,MARKET,FILLED,false,2.4799,4
15662235780,113,SUIUSDT,1736280003413,true,MARKET,FILLED,false,4.8863,2
11925874703,112,WLDUSDT,1736282650909,true,LIMIT,FILLED,true,2.3639,4
11925874201,112,WLDUSDT,1736282650909,true,STOP_MARKET,EXPIRED,true,0,0
27675345649,117,1000PEPEUSDT,1736429842416,false,LIMIT,EXPIRED,true,0,0
15662236833,113,SUIUSDT,1736317820390,false,STOP_MARKET,FILLED,true,4.623,2
15662237324,113,SUIUSDT,1736317820390,false,LIMIT,EXPIRED,true,0,0
15717327654,114,SUIUSDT,1736326800806,true,MARKET,FILLED,false,4.6067,2.1
27651389510,115,1000PEPEUSDT,1736348400796,true,MARKET,FILLED,false,0.0182295,548
13978818973,116,ORDIUSDT,1736348400971,true,MARKET,FILLED,false,24.549,0.4
15836852421,120,SUIUSDT,1736438088298,false,LIMIT,FILLED,true,4.7916,2.1
13978819199,116,ORDIUSDT,1736355074502,false,STOP_MARKET,FILLED,true,24.125,0.4
13978819357,116,ORDIUSDT,1736355074502,false,LIMIT,EXPIRED,true,0,0
15836851450,120,SUIUSDT,1736438088298,false,STOP_MARKET,EXPIRED,true,0,0
27651390087,115,1000PEPEUSDT,1736356082061,false,STOP_MARKET,FILLED,true,0.0176684,548
27651390922,115,1000PEPEUSDT,1736356082061,false,LIMIT,EXPIRED,true,0,0
27675343110,117,1000PEPEUSDT,1736361000784,true,MARKET,FILLED,false,0.0179644,556
15717328785,114,SUIUSDT,1736374226631,false,LIMIT,FILLED,true,4.7819,2.1
15717327892,114,SUIUSDT,1736374226631,false,STOP_MARKET,EXPIRED,true,0,0
13987507772,118,ORDIUSDT,1736377200816,true,MARKET,FILLED,false,23.722,0.4
15799150280,119,SUIUSDT,1736391600742,false,MARKET,FILLED,false,4.827,2
27777628633,121,1000PEPEUSDT,1736438405185,true,MARKET,FILLED,false,0.017721,564
13987507844,118,ORDIUSDT,1736407784817,false,STOP_MARKET,FILLED,true,23.247,0.4
13987507853,118,ORDIUSDT,1736407784817,false,LIMIT,EXPIRED,true,0,0
15799151876,119,SUIUSDT,1736409992214,true,LIMIT,FILLED,true,4.6216,2
15799151193,119,SUIUSDT,1736409992214,true,STOP_MARKET,EXPIRED,true,0,0
15836850695,120,SUIUSDT,1736424002644,true,MARKET,FILLED,false,4.6104,2.1
17639061445,122,APEUSDT,1736438405412,true,MARKET,FILLED,false,1.1188,8
14001488954,123,ORDIUSDT,1736438405411,true,MARKET,FILLED,false,24.208,0.4
15880872857,124,SUIUSDT,1736492166464,true,STOP_MARKET,FILLED,true,5.0267,2.1
14001489203,123,ORDIUSDT,1736445121150,false,STOP_MARKET,FILLED,true,23.736,0.4
14001489580,123,ORDIUSDT,1736445121150,false,LIMIT,EXPIRED,true,0,0
15880873643,124,SUIUSDT,1736492166464,true,LIMIT,EXPIRED,true,0,0
27777630797,121,1000PEPEUSDT,1736451969352,false,STOP_MARKET,FILLED,true,0.0169901,564
27777633034,121,1000PEPEUSDT,1736451969352,false,LIMIT,EXPIRED,true,0,0
13778766365,126,WIFUSDT,1736494808076,false,LIMIT,FILLED,true,1.6205,6.3
17639061645,122,APEUSDT,1736453596847,false,STOP_MARKET,FILLED,true,1.0647,8
17639062093,122,APEUSDT,1736453596847,false,LIMIT,EXPIRED,true,0,0
15880872191,124,SUIUSDT,1736456400805,false,MARKET,FILLED,false,4.6849,2.1
17644291887,125,APEUSDT,1736467205378,true,MARKET,FILLED,false,1.0882,9
13778765368,126,WIFUSDT,1736470800875,true,MARKET,FILLED,false,1.5709,6.3
11999218244,127,WLDUSDT,1736470800873,true,MARKET,FILLED,false,2.1374,4
27840143146,128,1000PEPEUSDT,1736488800773,true,MARKET,FILLED,false,0.0174263,573
13778765737,126,WIFUSDT,1736494808076,false,STOP_MARKET,EXPIRED,true,0,0
27861363076,129,1000PEPEUSDT,1736506801689,true,MARKET,FILLED,false,0.0178344,560
15945444407,130,SUIUSDT,1736510402668,false,MARKET,FILLED,false,5.0763,1.9
13801689140,131,WIFUSDT,1736514000834,true,MARKET,FILLED,false,1.5974,6.2
15945446001,130,SUIUSDT,1736515854143,true,STOP_MARKET,EXPIRED,true,0,0
27861363791,129,1000PEPEUSDT,1736515855507,false,LIMIT,EXPIRED,true,0,0
27861363328,129,1000PEPEUSDT,1736515855507,false,STOP_MARKET,FILLED,true,0.0173212,560
13801689392,131,WIFUSDT,1736515857024,false,LIMIT,EXPIRED,true,0,0
13801689255,131,WIFUSDT,1736515857024,false,STOP_MARKET,FILLED,true,1.5502,6.2
17644292136,125,APEUSDT,1736531878195,false,LIMIT,FILLED,true,1.1342,9
17644292073,125,APEUSDT,1736531878195,false,STOP_MARKET,EXPIRED,true,0,0
27902903021,132,1000PEPEUSDT,1736532000848,true,MARKET,FILLED,false,0.0178144,561
13814313057,133,WIFUSDT,1736532000819,true,MARKET,FILLED,false,1.6023,6.2
27902904769,132,1000PEPEUSDT,1736630058556,false,LIMIT,FILLED,true,0.0183099,561
27902904012,132,1000PEPEUSDT,1736630058556,false,STOP_MARKET,EXPIRED,true,0,0
11999218795,127,WLDUSDT,1736722801506,false,LIMIT,EXPIRED,true,0,0
11999218565,127,WLDUSDT,1736722801506,false,STOP_MARKET,EXPIRED,true,0,0
27840144134,128,1000PEPEUSDT,1736494959948,false,LIMIT,FILLED,true,0.0178069,573
27840143470,128,1000PEPEUSDT,1736494959948,false,STOP_MARKET,EXPIRED,true,0,0
16000897994,134,SUIUSDT,1736550001268,false,MARKET,FILLED,false,5.1834,1.9
16000898338,134,SUIUSDT,1736550001589,true,STOP_MARKET,NEW,true,0,0
16000898379,134,SUIUSDT,1736550001904,true,LIMIT,NEW,true,0,0
13814313602,133,WIFUSDT,1736532001351,false,STOP_MARKET,NEW,true,0,0
13814314022,133,WIFUSDT,1736532001643,false,LIMIT,NEW,true,0,0
13844796088,135,WIFUSDT,1736622002028,true,MARKET,FILLED,false,1.5568,6.4
13844796366,135,WIFUSDT,1736628445868,false,LIMIT,FILLED,true,1.5868,6.4
13844796218,135,WIFUSDT,1736628445868,false,STOP_MARKET,EXPIRED,true,0,0
17665874836,136,APEUSDT,1736629201204,true,MARKET,FILLED,false,1.1304,8
12043012299,137,WLDUSDT,1736629201224,true,MARKET,FILLED,false,2.1991,4
28015570187,138,1000PEPEUSDT,1736643601518,false,MARKET,FILLED,false,0.0178985,558
14044359216,139,ORDIUSDT,1736643601559,false,MARKET,FILLED,false,25.981,0.3
16093432716,140,SUIUSDT,1736647201715,false,MARKET,FILLED,false,4.9307,2
28015570576,138,1000PEPEUSDT,1736665691724,true,LIMIT,FILLED,true,0.0176072,558
28015570318,138,1000PEPEUSDT,1736665691724,true,STOP_MARKET,EXPIRED,true,0,0
16093433623,140,SUIUSDT,1736674479093,true,LIMIT,FILLED,true,4.7955,2
16093432766,140,SUIUSDT,1736674479093,true,STOP_MARKET,EXPIRED,true,0,0
17665874975,136,APEUSDT,1736677516025,false,STOP_MARKET,FILLED,true,1.0986,8
17665875246,136,APEUSDT,1736677516025,false,LIMIT,EXPIRED,true,0,0
28045369759,141,1000PEPEUSDT,1736677801342,false,MARKET,FILLED,false,0.0175287,570
16122602332,142,SUIUSDT,1736679600727,true,MARKET,FILLED,false,4.8142,2
28045370063,141,1000PEPEUSDT,1736695211991,true,STOP_MARKET,FILLED,true,0.0178707,570
28045370261,141,1000PEPEUSDT,1736695211991,true,LIMIT,EXPIRED,true,0,0
17674237446,143,APEUSDT,1736712003211,false,MARKET,FILLED,false,1.1075,9
17674237543,143,APEUSDT,1736719981266,true,LIMIT,FILLED,true,1.0841,9
17674237510,143,APEUSDT,1736719981266,true,STOP_MARKET,EXPIRED,true,0,0
12043012538,137,WLDUSDT,1736720418027,false,STOP_MARKET,FILLED,true,2.1026,4
12043012801,137,WLDUSDT,1736720418027,false,LIMIT,EXPIRED,true,0,0
28095683919,144,1000PEPEUSDT,1736728200785,true,MARKET,FILLED,false,0.0179883,556
28095685631,144,1000PEPEUSDT,1736728359791,false,LIMIT,FILLED,true,0.0182508,556
28095684633,144,1000PEPEUSDT,1736728359791,false,STOP_MARKET,EXPIRED,true,0,0
14044359289,139,ORDIUSDT,1736736125051,true,LIMIT,FILLED,true,25.084,0.3
14044359232,139,ORDIUSDT,1736736125051,true,STOP_MARKET,EXPIRED,true,0,0
17677691329,145,APEUSDT,1736737201796,false,MARKET,FILLED,false,1.0705,9
16122603178,142,SUIUSDT,1736739181630,false,STOP_MARKET,FILLED,true,4.6188,2
16122603906,142,SUIUSDT,1736739181630,false,LIMIT,EXPIRED,true,0,0
17677691407,145,APEUSDT,1736756584887,true,LIMIT,FILLED,true,1.0412,9
17677691365,145,APEUSDT,1736756584887,true,STOP_MARKET,EXPIRED,true,0,0
16210485110,146,SUIUSDT,1736762400857,true,MARKET,FILLED,false,4.4573,2.2
16210486081,146,SUIUSDT,1736762401134,false,STOP_MARKET,NEW,true,0,0
16210486207,146,SUIUSDT,1736762401414,false,LIMIT,NEW,true,0,0
